group	lessonId	order	title	chars	words	hasVideo	active
english-Y2	Y2E1	1	Comprehension, Simple Present Simple Past	2168	333	true	true
english-Y2	Y2E2	2	Tenses and Contractions	0	0	false	true
english-Y2	Y2E3	3	Tenses, Adjectives, Grammar and Punctuation, Spelling	0	0	false	true
english-Y2	Y2E4	4	Conjunctions	0	0	false	true
english-Y2	Y2E5	5	Special Recap and Catchup Session for Conjunctions and Punctuations	0	0	false	true
english-Y2	Y2E6	6	Expanded Nouns	0	0	false	true
english-Y2	Y2E7	7	Compound Nouns and Commas in Lists	0	0	false	true
english-Y2	Y2E8	8	Suffixes	0	0	false	true
english-Y2	Y2E10	9	Comprehension & Progressive Tenses	0	0	false	true
english-Y2	Y2E11	10	Comprehension & Tenses Game	0	0	false	true
english-Y2	Y2E12	11	Tenses again	0	0	false	true
english-Y2	Y2E13	12	Spelling, Comprehension & Punctuation	0	0	false	true
english-Y2	Y2E15	13	Comprehension, Guided Reading, Writing, Inferencing	0	0	false	true
english-Y2	Y2E16	14	Revision Activity	0	0	false	true
english-Y2	Y2E17	15	Revision Activity	0	0	false	true
english-Y2	Y2E18	16	Alliteration and Onomatopoeia	0	0	false	true
english-Y2	Y2E19	17	Apostrophes and Contractions	0	0	false	true
english-Y2	Y2E21	18	Sentence Structure	0	0	false	true
english-Y2	Y2E22	19	Adjectives with -er and -est	0	0	false	true
english-Y2	Y2E23	20	Homophones	0	0	false	true
english-Y2	Y2E24	21	Forming Adjectives -ful -less -ment	0	0	false	true
english-Y2	Y2E25	22	Questions and Commands	0	0	false	true
english-Y2	Y2E26	23	Spellings	0	0	false	true
english-Y2	Y2E27	24	Subordination	0	0	false	true
english-Y2	Y2E28	25	Questions, Commands, Statements and Exclamations	0	0	false	true
english-Y2	Y2E29	26	Verbs	0	0	false	true
english-Y2	Y2E31	27	GAP Test 1	0	0	false	true
english-Y2	Y2E32	28	GAP Test 2	0	0	false	true
english-Y2	Y2E33	29	Revision 1	0	0	false	true
english-Y3	Y3E1	1	Comprehension with Transitioning Exercises	2122	302	true	true
english-Y3	Y3E3	2	Similes and Metaphors	1903	280	true	true
english-Y3	Y3E4	3	Present Perfect Tense	2234	359	true	true
english-Y3	Y3E5	4	Articles A, AN & THE	2627	419	true	true
english-Y3	Y3E6	5	Word families	2426	366	true	true
english-Y3	Y3E7	6	Adverbs	0	0	false	true
english-Y3	Y3E8	7	Prepositions	0	0	false	true
english-Y3	Y3E9	8	Homophones	0	0	false	true
english-Y3	Y3E10	9	Subordinate Clauses	0	0	false	true
english-Y3	Y3E11	10	Conjunctions to Create Subordinate Clauses	0	0	false	true
english-Y3	Y3E12	11	Consonants and Vowels, Suffixes -ly	0	0	false	true
english-Y3	Y3E13	12	Present and Past Perfect	0	0	false	true
english-Y3	Y3E15	13	Powerful Adjectives	0	0	false	true
english-Y3	Y3E16	14	Prefixes	0	0	false	true
english-Y3	Y3E17	15	Apostrophes	0	0	false	true
english-Y3	Y3E18	16	Pronouns, Nouns and Expanded Noun Phrases	0	0	false	true
english-Y3	Y3E19	17	Compound Words	0	0	false	true
english-Y3	Y3E20	18	Prefixes Mis, Dis and Un	0	0	false	true
english-Y3	Y3E21	19	Subordinating and Coordinating Conjunctions	0	0	false	true
english-Y3	Y3E22	20	Inverted Commas and Direct Speech	0	0	false	true
english-Y3	Y3E23	21	Prefix in, im, ir, il, re, sub, inter	0	0	false	true
english-Y3	Y3E24	22	Comprehension Activities	0	0	false	true
english-Y3	Y3E25	23	Headings and Sub-headings, Spellings	0	0	false	true
english-Y3	Y3E26	24	Types of Adverbs	0	0	false	true
english-Y3	Y3E27	25	Suffixes -ation, -ous	0	0	false	true
english-Y3	Y3E29	26	Paragraphs	0	0	false	true
english-Y3	Y3E31	27	Causal Conjunctions	0	0	false	true
english-Y3	Y3E32	28	Editing and Evaluating	0	0	false	true
english-Y3	Y3E33	29	Reading Assessment	0	0	false	true
english-Y3	Y3E34	30	Revision 1	0	0	false	true
english-Y3	Y3E35	31	Revision 2	0	0	false	true
english-Y3	Y3E36	32	Revision 3	0	0	false	true
english-Y4	Y4E1	1	Transitioning from Year 3 to Year 4	0	0	false	true
english-Y4	Y4E2	2	Autumn Starter	1732	242	true	true
english-Y4	Y4E3	3	Apostrophes, Inverted Commas and Creative Writing	0	0	true	true
english-Y4	Y4E4	4	Prepositions, Adverbial Phrases	2727	381	true	true
english-Y4	Y4E5	5	Pronouns and Possessive Nouns	0	0	false	true
english-Y4	Y4E7	6	Present perfect tense	3009	499	true	true
english-Y4	Y4E9	7	Prefixes	2699	411	true	true
english-Y4	Y4E12	8	Descriptive writing	3078	457	true	true
english-Y4	Y4E13	9	Plurals and Pronouns	2669	412	true	true
english-Y4	Y4E14	10	Standard English and Compound Words	3396	506	true	true
english-Y4	Y4E19	11	Verb Inflections	0	0	false	true
english-Y4	Y4E16	12	Term Starter	0	0	false	true
english-Y4	Y4E17	13	Adverbs	0	0	false	true
english-Y4	Y4E18	14	Fronted Adverbials	0	0	false	true
english-Y4	Y4E20	15	Homophones and Near Homophones	0	0	false	true
english-Y4	Y4E21	16	Commas	0	0	false	true
english-Y4	Y4E22	17	Powerful Adjectives and Noun Phrases	0	0	false	true
english-Y4	Y4E23	18	Editing	0	0	false	true
english-Y4	Y4E24	19	Determiners	0	0	false	true
english-Y4	Y4E25	20	Word Families	0	0	false	true
english-Y4	Y4E26	21	Prepositional Phrases and Expanded Noun Phrases	0	0	false	true
english-Y4	Y4E27	22	Inverted Commas and Speech Punctuations 1	0	0	false	true
english-Y4	Y4E28	23	Inverted Commas and Speech Punctuations 2	0	0	false	true
english-Y4	Y4E29	24	Paragraphs	0	0	false	true
english-Y4	Y4E30	25	Perfect Tenses	0	0	false	true
english-Y4	Y4E31	26	Prefixes in depth 'super' 'sub' 'inter' 'anti' 'auto' 'ex' 'non'	0	0	false	true
english-Y4	Y4E32	27	Plural Possessive Apostrophes	0	0	false	true
english-Y4	Y4E33	28	Clauses	0	0	false	true
english-Y4	Y4E34	29	Nouns and Pronouns	0	0	false	true
english-Y4	Y4E35	30	Revision 1	0	0	false	true
english-Y4	Y4E36	31	Revision 2	0	0	false	true
english-Y4	Y4E37	32	Revision 3	0	0	false	true
english-Y4	Y4E38	33	Revision 4	0	0	false	true
english-Y4	Y4E41	34	Spellings Revision	0	0	false	true
english-Y5	Y5E2	1	Descriptive Writing Settings and Atmosphere	3696	540	true	true
english-Y5	Y5E3	2	Figures of Speech and comprehension	4186	613	true	true
english-Y5	Y5E4	3	Non Chronological Report Writing	3021	427	true	true
english-Y5	Y5E5	4	Punctuation Quiz, Verbal Reasoning and Comprehension	2059	285	true	true
english-Y5	Y5E6	5	Instructional reports	2300	336	true	true
english-Y5	Y5E7	6	Verbal Reasoning	3138	454	true	true
english-Y5	Y5E10	7	Compare and Contrast Text	3324	480	true	true
english-Y5	Y5E11	8	Advertising	3678	496	true	true
english-Y5	Y5E12	9	Diary Writing	3709	563	true	true
english-Y5	Y5E13	10	Persuasive Writing	3317	470	true	true
english-Y5	Y5E14	11	Verbal Reasoning	0	0	false	true
english-Y5	Y5E15	12	Riddles and Puzzles	0	0	false	true
english-Y5	Y5E16	13	Myths and Legends	0	0	false	true
english-Y5	Y5E17	14	Parentheses	0	0	false	true
english-Y5	Y5E18	15	Relative Clauses	0	0	false	true
english-Y5	Y5E19	16	Conjunctions	0	0	false	true
english-Y5	Y5E20	17	Modal Verbs	0	0	false	true
english-Y5	Y5E21	18	Spellings Part 1	0	0	false	true
english-Y5	Y5E22	19	Spellings Part 2	0	0	false	true
english-Y5	Y5E23	20	Spellings Part 3	0	0	false	true
english-Y5	Y5E24	21	Spellings Part 4	0	0	false	true
english-Y5	Y5E25	22	Revision Pack 1 and 2	0	0	false	true
english-Y5	Y5E26	23	Learning and Performing a Poem	0	0	false	true
english-Y5	Y5E27	24	Narrative Writing	0	0	false	true
english-Y5	Y5E28	25	Creative Writing Character Description	0	0	false	true
english-Y5	Y5E29	26	Creative Writing Beginning and Buildup	0	0	false	true
english-Y5	Y5E30	27	Creative Writing Planning the Dilemma	0	0	false	true
english-Y5	Y5E31	28	Creative Writing Writing the Dilemma	0	0	false	true
english-Y5	Y5E32	29	Creative Writing Closing and Editing	0	0	false	true
english-Y5	Y5E34	30	Reading Assessment	0	0	false	true
english-Y5	Y5E37	31	Degrees of Possibility using Adverbs	0	0	false	true
english-Y5	Y5E39	32	Reading Comprehension	0	0	false	true
english-Y5	Y5E33	33	Upleveling Sentences	0	0	false	true
english-Y5	Y5E35	34	Suspense and Thrillers	0	0	false	true
english-Y5	Y5E36	35	Character Descriptions and Recounting	0	0	false	true
english-Y5	Y5E38	36	Experimenting with Similes and Metaphors	0	0	false	true
english-Y6	Y6E1	1	Transition to Year 6	0	0	true	true
english-Y6	Y6E2	2	Hyphens	1341	218	true	true
english-Y6	Y6E3	3	Using the Passive	0	0	false	true
english-Y6	Y6E4	4	Synonyms and Antonyms, Formal and Informal Speech AND Semi-Colons, Colons and Dashes	0	0	false	true
english-Y6	Y6E6	5	Layout Devices	0	0	false	true
english-Y6	Y6E7	6	Formal and Informal Writing	0	0	false	true
english-Y6	Y6E8	7	Cohesion Across Paragraphs	0	0	false	true
english-Y6	Y6E9	8	Comprehension	0	0	false	true
english-Y6	Y6E10	9	Words ending in -able	0	0	false	true
english-Y6	Y6E11	10	SPaG Consolidation	0	0	false	true
english-Y6	Y6E12	11	Synonyms and Antonyms	0	0	false	true
english-Y6	Y6E13	12	Pronouns and Apostrophe	0	0	false	true
english-Y6	Y6E14	13	Subjunctive and Modal	0	0	false	true
english-Y6	Y6E33	14	SATs Preparation Grammatical Terms & Word Classes	0	0	false	true
english-Y6	Y6E15	15	SATs Preparation Sentences, Phrases and Clauses	0	0	false	true
english-Y6	Y6E16	16	SATs Preparation Verb Forms and Tenses	0	0	false	true
english-Y6	Y6E17	17	SATs Preparation Punctuation	0	0	false	true
english-Y6	Y6E18	18	SATs Preparation Vocabulary and Standard English	0	0	false	true
english-Y6	Y6E19	19	SATs Preparation Comprehension Vocabulary	0	0	false	true
english-Y6	Y6E20	20	SATs Preparation Comprehension Retrieving	0	0	false	true
english-Y6	Y6E21	21	SATs Preparation Comprehension Summarising	0	0	false	true
english-Y6	Y6E22	22	SATs Preparation Comprehension Inferencing	0	0	false	true
english-Y6	Y6E23	23	SATs Preparation Comprehension Predicting	0	0	false	true
english-Y6	Y6E24	24	SATs Preparation Comprehension Commenting	0	0	false	true
english-Y6	Y6E25	25	SATs Intensive Practice 1	0	0	false	true
english-Y6	Y6E26	26	SATs Intensive Practice 2	0	0	false	true
english-Y6	Y6E27	27	SATs Intensive Practice 3	0	0	false	true
english-Y6	Y6E28	28	SATs Intensive Practice 4	0	0	false	true
english-Y6	Y6E29	29	SATs Preparation Comprehension Figurative Speech	0	0	false	true
english-Y6	Y6E30	30	VCOP Practice	0	0	false	true
english-Y6	Y6E32	31	Verb Tenses Roundup	0	0	false	true
maths-Y2	Y2M1	1	Transition to Year 2	0	0	false	true
maths-Y2	Y2M1.1	2	Lesson 1.1 Money	0	0	false	true
maths-Y2	Y2M1.2	3	Lesson 1.2 Money	0	0	false	true
maths-Y2	Y2M2.1	4	Lesson 2.1 Multiplication and Division	0	0	false	true
maths-Y2	Y2M2.2	5	Lesson 2.2 Multiplication and Division	0	0	false	true
maths-Y2	Y2M3	6	Lesson 3 Statistics	0	0	false	true
maths-Y2	Y2M3.1	7	Statistics 2	0	0	false	true
maths-Y2	Y2M3.2	8	Statistics 3	0	0	false	true
maths-Y2	Y2M4	9	Lesson 4 Fractions	0	0	false	true
maths-Y2	Y2M5	10	Lesson 5 Shapes	0	0	false	true
maths-Y2	Y2M6	11	Lesson 6 Measurements	0	0	false	true
maths-Y2	Y2M7	12	Lesson 7 Time	0	0	false	true
maths-Y2	Y2M8	13	Lesson 8 Position and Directions	0	0	false	true
maths-Y2	Y2M10	14	Lesson 10 2 and 3 digit division	0	0	false	true
maths-Y2	Y2M12	15	Lesson 12 Number and Place Value	0	0	false	true
maths-Y2	Y2M13	16	Lesson 13 Additions and Subtractions	0	0	false	true
maths-Y2	Y2M14	17	Lesson 14 Partitioning	0	0	false	true
maths-Y2	Y2M15	18	Lesson 15 Word Problems	0	0	false	true
maths-Y2	Y2M17	19	Polygons	0	0	false	true
maths-Y2	Y2M18	20	2D Shapes and Symmetry	0	0	false	true
maths-Y2	Y2M19	21	2D Shapes Sorting and Patterns	0	0	false	true
maths-Y2	Y2M20	22	More 3D Shapes and Description	0	0	false	true
maths-Y2	Y2M21	23	Length and Height	0	0	false	true
maths-Y2	Y2M22	24	Length and Height 2	0	0	false	true
maths-Y2	Y2M27	25	Money 1	0	0	false	true
maths-Y2	Y2M28	26	Money 2	0	0	false	true
maths-Y2	Y2M29	27	Money 3	0	0	false	true
maths-Y2	Y2M23	28	Length and Height 3	0	0	false	true
maths-Y2	Y2M24	29	Mass 1	0	0	false	true
maths-Y2	Y2M25	30	Mass 2	0	0	false	true
maths-Y2	Y2M26	31	Mass 3	0	0	false	true
maths-Y2	Y2M30	32	Volume and Capacity 1	0	0	false	true
maths-Y2	Y2M31	33	Volume and Capacity 2	0	0	false	true
maths-Y2	Y2M32	34	Temperature	0	0	false	true
maths-Y2	Y2M33	35	EOS 1 2 3 4	0	0	false	true
maths-Y2	Y2M34	36	EOS 5 6 7 8	0	0	false	true
maths-Y3	Y3M1	1	Transitioning to Year 3	0	0	false	true
maths-Y3	Y3M2	2	Lesson 2 Number and Place Value	0	0	true	true
maths-Y3	Y3M3	3	Partitioning	0	0	true	true
maths-Y3	Y3M5	4	Statistics and Measurements	0	0	true	true
maths-Y3	Y3M6	5	Number Bonds	0	0	true	true
maths-Y3	Y3M7	6	Multiplication & Division	0	0	false	true
maths-Y3	Y3M8	7	Multiplication (Grid Method)	0	0	false	true
maths-Y3	Y3M9	8	Measurements (Advanced)	0	0	false	true
maths-Y3	Y3M11	9	Fractions 1	0	0	false	true
maths-Y3	Y3M12	10	Fractions 2	0	0	false	true
maths-Y3	Y3M13	11	Fractions 3	0	0	false	true
maths-Y3	Y3M14	12	Advanced Fractions	0	0	true	true
maths-Y3	Y3M40	13	Fractions 4	0	0	false	true
maths-Y3	Y3M15	14	Fractions 5	0	0	false	true
maths-Y3	Y3M16	15	Fractions 6	0	0	false	true
maths-Y3	Y3M17	16	Length and Perimeter 1	0	0	false	true
maths-Y3	Y3M18	17	Length and Perimeter 2	0	0	false	true
maths-Y3	Y3M19	18	Length and Perimeter 3	0	0	false	true
maths-Y3	Y3M21	19	Length and Perimeter 4	0	0	false	true
maths-Y3	Y3M22	20	Mass and Capacity 1	0	0	false	true
maths-Y3	Y3M23	21	Mass and Capacity 2	0	0	false	true
maths-Y3	Y3M24	22	Mass and Capacity 3	0	0	false	true
maths-Y3	Y3M25	23	Volume and Capacity 1	0	0	false	true
maths-Y3	Y3M26	24	Volume and Capacity 2	0	0	false	true
maths-Y3	Y3M27	25	Pounds and Pence 1	0	0	false	true
maths-Y3	Y3M28	26	Pounds and Pence 2	0	0	false	true
maths-Y3	Y3M32	27	Properties of Shapes 1	0	0	false	true
maths-Y3	Y3M33	28	Properties of Shapes 2	0	0	false	true
maths-Y3	Y3M34	29	Properties of Shapes 3	0	0	false	true
maths-Y3	Y3M35	30	Properties of Shapes 4	0	0	false	true
maths-Y3	Y3M36	31	Statistics 1	0	0	false	true
maths-Y3	Y3M37	32	Statistics 2	0	0	false	true
maths-Y3	Y3M38	33	Statistics 3	0	0	false	true
maths-Y3	Y3M39	34	Statistics 4	0	0	false	true
maths-Y4	Y4M2	1	Number and Place Value 1	501	80	true	true
maths-Y4	Y4M36	1	Transition to Level 1	0	0	false	true
maths-Y4	Y4M3	2	Number and Place Value 2	500	80	true	true
maths-Y4	Y4M4	3	Number and Place Value 3	418	67	true	true
maths-Y4	Y4M5	4	Number and Place Value 4	400	61	true	true
maths-Y4	Y4M6	5	Number and Place Value 5	400	61	true	true
maths-Y4	Y4M7	6	Number and Place Value 6	400	61	true	true
maths-Y4	Y4M9	7	Addition	325	51	true	true
maths-Y4	Y4M10	8	Subtraction	419	64	true	true
maths-Y4	Y4M12	9	Addition and Subtraction	364	51	true	true
maths-Y4	Y4M14	10	Rule of 3	313	44	true	true
maths-Y4	Y4M15	11	Converting Lengths	305	47	true	true
maths-Y4	Y4M16	12	Comparing and Calculating Lengths	322	47	true	true
maths-Y4	Y4M13	13	Area	340	53	true	true
maths-Y4	Y4M17	14	Perimeter	0	0	false	true
maths-Y4	Y4M18	15	Fractions 1	405	63	true	true
maths-Y4	Y4M19	16	Fractions 2	350	55	true	true
maths-Y4	Y4M20	17	Fractions 3	338	49	true	true
maths-Y4	Y4M21	18	Fractions 4	385	59	true	true
maths-Y4	Y4M22	19	Fractions 5	59	7	true	true
maths-Y4	Y4M23	20	Fractions 6	340	52	true	true
maths-Y4	Y4M24	21	Fractions 7	392	61	true	true
maths-Y4	Y4M32	21	Multiplication and Division	3174	505	true	true
maths-Y4	Y4M1	22	Estimate, Compare & Calculate Money	760	122	true	true
maths-Y4	Y4M37	23	Money 1	576	95	true	true
maths-Y4	Y4M38	24	Money 2	629	106	true	true
maths-Y4	Y4M39	25	Money 3	440	66	true	true
maths-Y4	Y4M25	26	Time 1	869	146	true	true
maths-Y4	Y4M26	27	Time 2	878	138	true	true
maths-Y4	Y4M27	28	Time 3	807	128	true	true
maths-Y4	Y4M28	29	Time 4	850	129	true	true
maths-Y4	Y4M29	30	Statistics 1	2481	399	true	true
maths-Y4	Y4M30	31	Statistics 2	3184	496	true	true
maths-Y4	Y4M31	32	Statistics 3	2977	456	true	true
maths-Y4	Y4M33	33	Shapes 1	3464	546	true	true
maths-Y4	Y4M34	34	Shapes 2	3182	445	true	true
maths-Y4	Y4M35	35	Shapes 3	3929	579	true	true
maths-Y5	Y5M1	1	Number and Place Value I	384	61	true	true
maths-Y5	Y5M2	2	Number and Place Value II	363	53	true	true
maths-Y5	Y5M3	3	Number and Place Value III	363	58	true	true
maths-Y5	Y5M4	4	Counting in Powers of Ten	310	51	true	true
maths-Y5	Y5M5	5	Rounding Whole Numbers	361	62	true	true
maths-Y5	Y5M6	6	Roman Numerals	346	57	true	true
maths-Y5	Y5M22	7	Multiplications and Divisions 1	80	11	true	true
maths-Y5	Y5M23	8	Multiplications and Divisions 2	97	14	true	true
maths-Y5	Y5M24	9	Multiplications and Divisions 3	87	12	true	true
maths-Y5	Y5M25	10	Multiplications and Divisions 4	95	16	true	true
maths-Y5	Y5M26	11	Multiplications and Divisions 5	96	13	true	true
maths-Y5	Y5M28	12	Multiplications and Divisions 6	127	18	true	true
maths-Y5	Y5M9	13	Fractions 1	380	52	true	true
maths-Y5	Y5M10	14	Fractions 2	323	45	true	true
maths-Y5	Y5M11	15	Fractions 3	295	43	true	true
maths-Y5	Y5M12	16	Fractions 4	643	94	true	true
maths-Y5	Y5M13	17	Fractions 5	544	82	true	true
maths-Y5	Y5M14	18	Fractions 6	96	14	true	true
maths-Y5	Y5M15	19	Fractions 7	125	17	true	true
maths-Y5	Y5M16	20	Fractions 8	86	13	true	true
maths-Y5	Y5M17	21	Fractions 9	91	14	true	true
maths-Y5	Y5M18	22	Fractions 10	92	13	true	true
maths-Y5	Y5M19	23	Proportional Reasoning	0	0	true	true
maths-Y5	Y5M20	24	Percentages 1	95	16	true	true
maths-Y5	Y5M21	25	Percentages 2	105	13	true	true
maths-Y5	Y5M7	26	Negative Numbers	317	48	true	true
maths-Y5	Y5M30	27	Statistics 1	69	12	true	true
maths-Y5	Y5M31	28	Statistics 2	224	31	true	true
maths-Y5	Y5M32	29	Position, Direction and Symmetry	724	110	true	true
maths-Y5	Y5M33	30	Reflection	394	58	true	true
maths-Y5	Y5M34	31	Translation	374	55	true	true
maths-Y5	Y5M35	32	Properties of Shapes 1	3706	564	true	true
maths-Y5	Y5M36	33	Properties of Shapes 2	3027	470	true	true
maths-Y5	Y5M37	34	Properties of Shapes 3	3562	512	true	true
maths-Y5	Y5M38	35	Measurement 1	3757	518	true	true
maths-Y5	Y5M39	36	Measurement 2	4125	615	true	true
maths-Y5	Y5M40	37	Measurement 3	4239	592	true	true
maths-Y5	Y5M41	38	Measurement 4	4728	688	true	true
maths-Y6	Y6M2.1	1	Number and Place Value I	87	15	true	true
maths-Y6	Y6M46	1	Ratio and Proportion 1	0	0	false	true
maths-Y6	Y6M2.2	2	Number and Place Value II	89	14	true	true
maths-Y6	Y6M47	2	Ratio and Proportion 2	0	0	false	true
maths-Y6	Y6M2.3	3	Number and Place Value III	86	12	true	true
maths-Y6	Y6M48	3	Ratio and Proportion 3	0	0	false	true
maths-Y6	Y6M2.4	4	Number and Place Value IV	98	15	true	true
maths-Y6	Y6M49	4	Ratio and Proportion 4	0	0	false	true
maths-Y6	Y6M2.5	5	Number and Place Value V	83	12	true	true
maths-Y6	Y6M50	5	Ratio and Proportion 5	0	0	false	true
maths-Y6	Y6M4	6	Addition	99	16	true	true
maths-Y6	Y6M51	6	SATs Preparation Measurement	0	0	false	true
maths-Y6	Y6M5	7	Multiplication	89	12	true	true
maths-Y6	Y6M52	7	SATs Preparation Measurement & Addition Subtraction	0	0	false	true
maths-Y6	Y6M53	8	SATs Preparation Algebra	0	0	false	true
maths-Y6	Y6M8	8	Fractions 1	64	9	true	true
maths-Y6	Y6M54	9	SATs Preparation Fractions Decimals and Percentage	0	0	false	true
maths-Y6	Y6M9	9	Fractions 2	80	11	true	true
maths-Y6	Y6M10	10	Fractions 3	84	11	true	true
maths-Y6	Y6M55	10	SATs Preparation Multiplication and Division	0	0	false	true
maths-Y6	Y6M11	11	Fractions 4	81	11	true	true
maths-Y6	Y6M56	11	SATs Preparation Number and Place Value	0	0	false	true
maths-Y6	Y6M12	12	Fractions 5	138	17	true	true
maths-Y6	Y6M57	12	SATs Preparation Position and Direction	0	0	false	true
maths-Y6	Y6M13	13	Fractions 6	84	11	true	true
maths-Y6	Y6M58	13	SATs Preparation Properties of Shape	0	0	false	true
maths-Y6	Y6M14	14	Fractions 7	84	12	true	true
maths-Y6	Y6M59	14	SATs Preparation Ratio and Proportion	0	0	false	true
maths-Y6	Y6M15	15	Fractions 8	89	13	true	true
maths-Y6	Y6M60	15	SATs Preparation Statistics	0	0	false	true
maths-Y6	Y6M16	16	Fractions 9	133	19	true	true
maths-Y6	Y6M61	16	SATs Intensive Practice 1	0	0	false	true
maths-Y6	Y6M17	17	Fractions 10	270	36	true	true
maths-Y6	Y6M62	17	SATs Intensive Practice 2	0	0	false	true
maths-Y6	Y6M18	18	Fractions 11	243	31	true	true
maths-Y6	Y6M63	18	SATs Intensive Practice 3	0	0	false	true
maths-Y6	Y6M19	19	Fractions 12	257	31	true	true
maths-Y6	Y6M64	19	SATs Revision	0	0	false	true
maths-Y6	Y6M01	20	BIDMAS	92	16	true	true
maths-Y6	Y6M65	20	SATs Practice 1	0	0	false	true
maths-Y6	Y6M1	21	Algebra Warm Up	104	13	true	true
maths-Y6	Y6M66	21	SATs Practice 2	0	0	false	true
maths-Y6	Y6M1.2	22	Algebra Use Simple Formulae	117	17	true	true
maths-Y6	Y6M67	22	SATs Practice 3	0	0	false	true
maths-Y6	Y6M1.3	23	Algebra Solving Equations	88	12	true	true
maths-Y6	Y6M68	23	SATs Reasoning Focus	0	0	false	true
maths-Y6	Y6M1.4	24	Linear Sequences	82	11	true	true
maths-Y6	Y6M69	24	End of SATs Games	0	0	false	true
maths-Y6	Y6M25	25	Proportional Reasoning	0	0	true	true
maths-Y6	Y6M34	26	Ratio and Proportion 1	231	34	true	true
maths-Y6	Y6M35	27	Ratio and Proportion 2	260	35	true	true
maths-Y6	Y6M36	28	Ratio and Proportion 3	297	40	true	true
maths-Y6	Y6M37	29	Ratio and Proportion 4	186	25	true	true
maths-Y6	Y6M38	30	Ratio and Proportion 5	217	33	true	true
maths-Y6	Y6M3	31	Compare and Order Decimals	64	9	true	true
maths-Y6	Y6M7	32	Calculating Intervals Across Zero	76	11	true	true
maths-Y6	Y6M29	33	Coordinates 1	86	13	true	true
maths-Y6	Y6M30	34	Coordinates 2	88	12	true	true
maths-Y6	Y6M31	35	Transformations 1	363	44	true	true
maths-Y6	Y6M32	36	Transformations 2	2785	371	true	true
maths-Y6	Y6M39	37	Properties of Shapes 1	3470	518	true	true
maths-Y6	Y6M40	38	Properties of Shapes 2	2784	398	true	true
maths-Y6	Y6M41	39	Properties of Shapes 3	995	128	true	true
maths-Y6	Y6M42	40	Properties of Shapes 4	1008	128	true	true
maths-Y6	Y6M43	41	Properties of Shapes 5	1081	141	true	true
maths-Y6	Y6M44	42	Properties of Shapes 6	1114	153	true	true
maths-Y6	Y6M45	43	Non Standard Partitioning	2764	385	true	true
